run,A,S,T,M,E,NMCI
q_TQ+LQ,0.0,0.5,0.33335030533767324,0.5,0.5,0.36667006106753464
